cutoff,threshold,tp,fp,tn,fn,precision,recall,sensitivity,specificity,false_positive_rate,f1
6h,0.2,350,1804,402,4,0.16248839368616527,0.9887005649717514,0.9887005649717514,0.18223028105167724,0.8177697189483227,0.27910685805422647
6h,0.25,341,1633,573,13,0.17274569402228976,0.963276836158192,0.963276836158192,0.2597461468721668,0.7402538531278332,0.29295532646048106
6h,0.3,329,1398,808,25,0.1905037637521714,0.9293785310734464,0.9293785310734464,0.36627379873073435,0.6337262012692656,0.31619413743392605
6h,0.35,301,1146,1060,53,0.20801658604008294,0.8502824858757062,0.8502824858757062,0.48050770625566636,0.5194922937443336,0.334258745141588
6h,0.4,261,907,1299,93,0.22345890410958905,0.7372881355932204,0.7372881355932204,0.5888485947416138,0.4111514052583862,0.3429697766097241
6h,0.45,217,671,1535,137,0.24436936936936937,0.6129943502824858,0.6129943502824858,0.6958295557570263,0.3041704442429737,0.3494363929146538
6h,0.5,169,465,1741,185,0.2665615141955836,0.4774011299435028,0.4774011299435028,0.7892112420670897,0.21078875793291024,0.3421052631578947
6h,0.55,111,284,1922,243,0.2810126582278481,0.3135593220338983,0.3135593220338983,0.8712601994560291,0.128739800543971,0.2963951935914553
6h,0.6,64,141,2065,290,0.3121951219512195,0.1807909604519774,0.1807909604519774,0.9360834088848595,0.06391659111514053,0.22898032200357782
6h,0.65,33,63,2143,321,0.34375,0.09322033898305085,0.09322033898305085,0.971441523118767,0.028558476881233003,0.14666666666666667
6h,0.7,11,13,2193,343,0.4583333333333333,0.031073446327683617,0.031073446327683617,0.9941069809610155,0.0058930190389845875,0.058201058201058205
6h,0.75,1,0,2206,353,1.0,0.002824858757062147,0.002824858757062147,1.0,0.0,0.005633802816901409
6h,0.8,1,0,2206,353,1.0,0.002824858757062147,0.002824858757062147,1.0,0.0,0.005633802816901409
12h,0.2,349,1774,432,5,0.16439001413094678,0.9858757062146892,0.9858757062146892,0.1958295557570263,0.8041704442429737,0.28179249091643116
12h,0.25,341,1528,678,13,0.18245050829320492,0.963276836158192,0.963276836158192,0.3073436083408885,0.6926563916591115,0.3067926225820963
12h,0.3,315,1286,920,39,0.1967520299812617,0.8898305084745762,0.8898305084745762,0.4170444242973708,0.5829555757026292,0.32225063938618925
12h,0.35,278,1012,1194,76,0.21550387596899226,0.7853107344632768,0.7853107344632768,0.5412511332728921,0.4587488667271079,0.33819951338199516
12h,0.4,249,774,1432,105,0.2434017595307918,0.7033898305084746,0.7033898305084746,0.6491387126019945,0.35086128739800543,0.3616557734204793
12h,0.45,212,563,1643,142,0.2735483870967742,0.5988700564971752,0.5988700564971752,0.7447869446962828,0.25521305530371713,0.3755535872453499
12h,0.5,175,390,1816,179,0.30973451327433627,0.4943502824858757,0.4943502824858757,0.8232094288304623,0.1767905711695376,0.3808487486398259
12h,0.55,130,231,1975,224,0.3601108033240997,0.3672316384180791,0.3672316384180791,0.8952855847688124,0.10471441523118767,0.3636363636363637
12h,0.6,86,120,2086,268,0.4174757281553398,0.24293785310734464,0.24293785310734464,0.9456029011786038,0.05439709882139619,0.30714285714285716
12h,0.65,46,53,2153,308,0.46464646464646464,0.12994350282485875,0.12994350282485875,0.9759746146872167,0.02402538531278332,0.2030905077262693
12h,0.7,15,18,2188,339,0.45454545454545453,0.0423728813559322,0.0423728813559322,0.9918404351767905,0.008159564823209429,0.07751937984496124
12h,0.75,2,3,2203,352,0.4,0.005649717514124294,0.005649717514124294,0.9986400725294651,0.0013599274705349048,0.011142061281337047
12h,0.8,0,1,2205,354,0.0,0.0,0.0,0.9995466908431551,0.00045330915684496827,0.0
24h,0.2,346,1625,581,8,0.17554540842212074,0.9774011299435028,0.9774011299435028,0.2633726201269266,0.7366273798730735,0.2976344086021505
24h,0.25,340,1395,811,14,0.19596541786743515,0.96045197740113,0.96045197740113,0.3676337262012693,0.6323662737987308,0.3255146002872187
24h,0.3,323,1172,1034,31,0.21605351170568562,0.9124293785310734,0.9124293785310734,0.46872166817769717,0.5312783318223028,0.3493780421849649
24h,0.35,290,957,1249,64,0.23255813953488372,0.8192090395480226,0.8192090395480226,0.5661831368993654,0.4338168631006346,0.36227357901311674
24h,0.4,270,731,1475,84,0.26973026973026976,0.7627118644067796,0.7627118644067796,0.6686310063463282,0.3313689936536718,0.39852398523985244
24h,0.45,220,531,1675,134,0.2929427430093209,0.6214689265536724,0.6214689265536724,0.7592928377153219,0.24070716228467814,0.39819004524886875
24h,0.5,181,378,1828,173,0.32379248658318427,0.5112994350282486,0.5112994350282486,0.828649138712602,0.17135086128739802,0.3964950711938664
24h,0.55,139,229,1977,215,0.37771739130434784,0.3926553672316384,0.3926553672316384,0.8961922030825022,0.10380779691749774,0.3850415512465374
24h,0.6,85,135,2071,269,0.38636363636363635,0.2401129943502825,0.2401129943502825,0.9388032638259293,0.06119673617407072,0.29616724738675954
24h,0.65,48,62,2144,306,0.43636363636363634,0.13559322033898305,0.13559322033898305,0.971894832275612,0.028105167724388033,0.2068965517241379
24h,0.7,22,21,2185,332,0.5116279069767442,0.062146892655367235,0.062146892655367235,0.9904805077062556,0.009519492293744334,0.11083123425692697
24h,0.75,8,6,2200,346,0.5714285714285714,0.022598870056497175,0.022598870056497175,0.9972801450589301,0.0027198549410698096,0.043478260869565216
24h,0.8,2,1,2205,352,0.6666666666666666,0.005649717514124294,0.005649717514124294,0.9995466908431551,0.00045330915684496827,0.011204481792717089
